commit,committed_at,elapsed_hours,tests,renderer,main,core,preview_runtime,tooling,protocol,preload,legacy
5535c97c9b310a58931ffb4be90f00a963af9b37,2026-09-11T01:00:09+09:00,0.0000,0,0,0,0,0,0,0,0,0
1317e8d1fe29586e5a64a06f98a500edeb57acc6,2026-09-11T01:02:40+09:00,0.0419,0,0,0,0,0,0,0,0,0
fea542ee92400a73f89f5f9357ad9ed9cb83a513,2026-09-11T01:11:58+09:00,0.1969,0,0,0,0,0,0,0,0,0
8a940ee01013e69eebe422ee3146adb25685f13e,2026-09-11T01:53:20+09:00,0.8864,111,410,567,20,0,49,44,35,0
075293af35cdc4d0f4fbb20bcf1daafab92c95ec,2026-09-11T02:34:34+09:00,1.5736,668,516,790,307,346,61,44,35,0
d5ec731ba649d91b4c20f9d68da86ed78c23b265,2026-09-11T15:49:05+09:00,14.8156,369,516,800,307,346,61,44,35,0
876ee792a88d4ae125ebecd16a5afec2a0a7617e,2026-09-11T15:52:44+09:00,14.8764,369,516,800,307,346,61,44,35,0
1cf4b97ccda596e916fe7ea39260efac66e755cb,2026-09-11T15:59:22+09:00,14.9869,468,641,814,370,346,61,44,35,0
5b556730645c56d87418152f524650d15e96ab74,2026-09-11T16:10:44+09:00,15.1764,468,704,822,370,423,61,44,35,0
1077711060ff468fab482a1e5a320ccf0b77d019,2026-09-11T16:26:56+09:00,15.4464,479,764,938,370,423,61,57,38,0
0605e1f8865409cb406fd18d289c70033279d6b3,2026-09-11T16:31:43+09:00,15.5261,479,764,941,370,423,61,57,38,0
9e0b4f7747aabe8ffc01cf88fa9cbb07313b6c51,2026-09-11T16:38:33+09:00,15.6400,479,771,943,370,423,61,57,38,0
a4af859e41b187b02b0e7d2aa94b1f27a872b0f5,2026-09-11T16:45:32+09:00,15.7564,479,771,943,370,423,97,57,38,0
b277e0ba8c4e13c8308048ee4e0f375e2a4c39b5,2026-09-11T17:01:16+09:00,16.0186,541,816,1040,370,423,97,64,39,0
8c21441d4ae0759b04f4371ef8308d14eb2f7b9e,2026-09-11T17:06:22+09:00,16.1036,559,856,1122,370,423,106,64,39,0
d2458ef85f818b184988a6a3238764acd782088c,2026-09-11T17:21:24+09:00,16.3542,559,1137,1136,370,423,106,74,44,0
4685e10e45aef84c268f852bee69654b972bca8f,2026-09-11T17:33:46+09:00,16.5603,559,1176,1136,370,423,106,74,44,0
6b847ada2e299dce9ef162d481818cc251eacbce,2026-09-11T17:40:04+09:00,16.6653,559,1131,1136,370,423,106,74,44,0
63369d55edd015bee7442f01110c03da76e8d998,2026-09-11T17:50:24+09:00,16.8375,559,1168,1213,370,423,106,80,55,0
02c54d96d13b8eadaeab4bba3706078b479ce9a2,2026-09-11T18:04:17+09:00,17.0689,639,1167,1359,370,423,106,83,56,0
e0bad43c48bf21f6df5925ad0d484fe92691d78e,2026-09-11T18:12:44+09:00,17.2097,639,1167,1359,370,423,106,83,56,0
a817cdfc832e057f4424177e51565f1e6b22a093,2026-09-11T18:47:31+09:00,17.7894,639,1436,1557,370,423,106,116,73,0
62aa1015a3b47bd87891fa2e44468734a65e74d6,2026-09-11T18:51:29+09:00,17.8556,639,1436,1557,370,423,106,116,73,0
d797a9869e4dd9bef3533f12ed199428e9a75c94,2026-09-11T19:01:02+09:00,18.0147,639,1440,1582,370,423,106,116,73,0
b1b1d76dbc128f545805fe51ec5368774a6a0b75,2026-09-11T19:03:59+09:00,18.0639,639,1453,1582,370,423,106,116,73,0
a6fbbdb20ba21fc783ab12c978f2cd97505e1b04,2026-09-11T21:08:11+09:00,20.1339,639,1428,1582,370,423,106,116,73,0
6c38d9a2a349de3b495f40ae734cb400bf4be6d5,2026-09-11T21:28:30+09:00,20.4725,639,1428,1582,370,423,106,116,73,0
1a6dacf2ef2bd6d942413bc1eea33772ee4fce4a,2026-09-12T00:06:25+09:00,23.1044,639,1428,1582,370,423,106,116,73,0
85973189cf43d3abc25a3bacdbfaec2599dd843c,2026-09-12T15:48:57+09:00,38.8133,801,1392,1695,370,526,112,126,82,0
5b5d38399a82c6473d9ee9caaa7dea4b87df4bdb,2026-09-12T15:54:57+09:00,38.9133,801,1392,1695,370,526,112,126,82,0
510c77dfcaf0f5c774e13b3d1d432f878806f4f3,2026-09-12T15:56:58+09:00,38.9469,801,1392,1695,370,526,112,126,82,0
1ef4aa6036b734c7c54071e828272aad16a0af05,2026-09-12T16:16:14+09:00,39.2681,925,1796,1736,437,526,112,135,84,0
51f666921b3526a2ed80dc522f47a42aaeec6587,2026-09-12T16:21:39+09:00,39.3583,942,1815,1736,437,526,112,135,84,0
4334abc6dcb6116161a2c0417d875dba5bf8e276,2026-09-12T17:06:41+09:00,40.1089,1024,2288,1768,462,765,112,152,86,0
60d5d9e2ad2beb1a1d534e0d3a519f263fe9cedb,2026-09-12T17:57:47+09:00,40.9606,1127,2257,1839,499,857,112,155,89,0
5b2eda13ec49ba5f612ad73975793b1f662a3311,2026-09-12T18:24:43+09:00,41.4094,1072,2402,1688,499,872,106,144,77,0
e5beb6e3a98265361b3f368af028d5cadd70386a,2026-09-12T18:34:28+09:00,41.5719,1120,2401,1729,499,872,106,145,78,0
fb357925f1aaf74bb57ff34ad64bcc1af4d1fe00,2026-09-12T18:40:37+09:00,41.6744,1120,2401,1729,499,872,106,145,78,0
e5d8bf25dc178fce4d3b9a4c844e801ab3e3c588,2026-09-12T18:49:23+09:00,41.8206,1178,2521,1739,618,872,106,151,91,0
671e53f4954ab0f81c50d7f50c36c383856be5f6,2026-09-12T18:57:24+09:00,41.9542,1191,2576,1778,618,872,106,152,93,0
ba8b74ad013f28d1e2ddf3754ef591c33615fb79,2026-09-12T19:21:52+09:00,42.3619,1224,2780,1849,618,879,106,163,93,0
883837274df6b19196e11c99d51fbb4789d0c1cb,2026-09-12T19:29:22+09:00,42.4869,1242,2818,1849,618,879,106,163,93,0
a10700092279150fbc1912f32ed787d4da20fd28,2026-09-12T19:37:27+09:00,42.6217,1260,2818,1878,618,879,106,163,93,0
15112b50851ac2046ab3e6a341bed842946e3b01,2026-09-12T19:42:13+09:00,42.7011,1270,2818,1878,618,907,106,163,93,0
12cb0d2acdd6c5fbad48f87418abba341a17c2dd,2026-09-12T20:14:34+09:00,43.2403,1288,3021,1907,618,917,106,182,99,0
c238ebe2c300141fd9177adfd67edc5e77b22bd1,2026-09-12T20:18:21+09:00,43.3033,1288,3021,1907,618,917,106,182,99,0
f661df4428a4eb828f110095accec852a7a8d951,2026-09-12T20:26:09+09:00,43.4333,1313,3075,1907,618,917,106,183,99,0
8d55d79b9981a8228a7224a0c20d187ad9c0620c,2026-09-12T20:49:52+09:00,43.8286,1312,3111,1910,618,917,106,183,99,0
ce7c6ee042beac4ca2dc18127c68946b97bfdc65,2026-09-12T21:32:38+09:00,44.5414,1422,2750,2180,618,971,112,197,106,0
9d44a67063035b258a0c3eaffbd512ab472382d6,2026-09-12T23:33:59+09:00,46.5639,1461,2773,2180,646,971,112,197,106,0
4bba9047ba0d26f56579796a2346331cafd8e6e4,2026-09-12T23:37:24+09:00,46.6208,1600,2810,2180,692,1028,112,197,106,0
275888330671c0e0ff4e852df18addd450adcc25,2026-09-12T23:46:59+09:00,46.7806,1585,2810,2216,692,1028,112,197,106,0
5bd2b002d2a5e2176dfa5e6a65a68317195e9952,2026-09-12T23:50:09+09:00,46.8333,1656,2859,2224,692,1028,112,202,107,0
66d98741154101bb51a8d310ac19407dcacb030f,2026-09-13T00:01:44+09:00,47.0264,1586,2888,2231,692,1028,112,202,107,0
a3bd52fc4f1fbc1d637a0a86f0be65a9dd588679,2026-09-13T00:11:23+09:00,47.1872,1574,2888,2235,692,1034,112,202,107,0
66207c345a06d2a5b419e08d072bd1c17fb204dc,2026-09-13T00:16:15+09:00,47.2683,1515,2888,2235,692,1043,112,202,107,0
962caa43d9dc62dfb7bb43ffc8da42b8f0672319,2026-09-13T00:40:45+09:00,47.6767,1515,2897,2235,692,1043,112,202,107,0
097a07e2b38891bab0176499219f3eb72018d092,2026-09-13T01:06:35+09:00,48.1072,1515,2897,2312,692,1051,112,207,107,0
a31f3c5b526d93c38129b2afc7ffb0c8fb564a14,2026-09-13T01:33:56+09:00,48.5631,1626,2897,2322,692,1051,112,207,107,0
b0b8a5009defd69c25dfb07f5633058513413fce,2026-09-13T01:56:37+09:00,48.9411,1515,2900,2370,692,1051,112,213,107,0
27c2e84e9e2ca3e01700ba0c943b357ad42fa680,2026-09-13T02:07:13+09:00,49.1178,1515,2905,2399,692,1051,112,221,107,0
8f7fac20c03b4a1c178fe45d1bd7d28071589949,2026-09-13T02:24:16+09:00,49.4019,1540,2918,2399,704,1051,112,221,107,0
f7aeccfea14e1c60dea39e7218d5adaa1f06aae9,2026-09-13T02:52:27+09:00,49.8717,1640,2918,2442,866,1141,112,221,107,0
b76ae40c6faf3ce3004b0390f509811c352300b4,2026-09-13T03:06:44+09:00,50.1097,1640,2918,2647,866,1141,119,221,107,0
7ea5273629bd5b1573f879cf2b536e1a9e6650f1,2026-09-13T03:15:33+09:00,50.2567,1640,2949,2669,866,1141,119,220,107,0
9f59214fb9bdb29c4ae0aa4b06ccdf72b135ec08,2026-09-13T03:47:22+09:00,50.7869,1640,2949,2744,866,1141,119,220,107,0
694b205fabcb9cacdbcc079cf065fa6ee9b3f275,2026-09-13T03:54:11+09:00,50.9006,1640,2949,2744,866,1142,119,220,107,0
3ebe67be826c8e880f9404edb3942b93e74517ca,2026-09-13T04:14:24+09:00,51.2375,1705,2911,2761,866,1142,119,223,107,0
a9f38ba7ca27a371e4ba2a34162db9c96635f71b,2026-09-13T04:50:53+09:00,51.8456,1753,2919,2765,866,1142,119,223,107,0
0aa2aac60f67ac474c5608ce446a2f96db42e354,2026-09-13T05:17:39+09:00,52.2917,1753,2904,2765,866,1142,119,223,107,0
9067ae6a0c6712d1b005f5c0b0269d26019e6806,2026-09-13T05:30:07+09:00,52.4994,1753,2904,2807,866,1142,119,223,107,0
da97f9a0ffbc53ed55fc012d07b5849f6e7fe091,2026-09-13T05:56:55+09:00,52.9461,1753,2904,2807,866,1142,119,223,107,0
cd40fa76a7fb9ea8e228a3dcc576af174ecea63d,2026-09-13T06:00:28+09:00,53.0053,1753,2904,2807,866,1142,119,223,107,0
329e2cccecdf3f12bcebf9efa93a2b096a5de3d0,2026-09-13T06:10:15+09:00,53.1683,1784,2904,2870,866,1142,119,223,107,0
0c1309905b54bf63e5c136771b9406ee47853109,2026-09-13T06:21:34+09:00,53.3569,1784,2904,2870,866,1228,119,223,107,0
ae131562f9a03de2712a3eac54a78204c7bedf81,2026-09-13T06:39:43+09:00,53.6594,1784,2904,2874,866,1228,119,223,107,0
29ea891708020088c732e00b7fa68667c57d4072,2026-09-13T07:05:46+09:00,54.0936,1784,2904,2874,866,1228,119,223,107,0
7bfbfb161ba8cfff02011f69eb5bfaae130137a3,2026-09-13T07:14:23+09:00,54.2372,1784,2904,2874,866,1228,119,223,107,0
01ad0787c771457d835d3982da0fa845ee086866,2026-09-13T16:33:53+09:00,63.5622,1815,2904,2956,904,1356,119,223,107,0
e172e43ad251a335e45fdfb99dfdfc70b03cf584,2026-09-14T00:35:46+09:00,71.5936,1827,2904,2956,904,1356,119,223,107,0
84a39b970bf6f2091208ce31010d7250184bb120,2026-09-14T00:52:10+09:00,71.8669,1827,2904,2956,904,1356,119,223,107,0
0067bfdcf9033e3f1aecc180510b1cd56289aa24,2026-09-14T01:14:59+09:00,72.2472,1916,2904,2947,936,1361,119,223,107,0
d0b54bde5f04c6dd617faac7e77ffb742291f868,2026-09-14T01:15:07+09:00,72.2494,1916,2904,2947,936,1361,124,223,107,0
855719c582b10f7cecd579da21a7f938acba64de,2026-09-14T01:55:00+09:00,72.9142,1916,3008,2947,936,1361,124,223,107,0
9c78bd93afa54d65200e76059de4087c440e3723,2026-09-14T02:08:15+09:00,73.1350,1938,3025,2947,936,1372,124,223,107,0
d2d37f829c3d97fe28786239b0861e79dd2f008d,2026-09-14T02:19:57+09:00,73.3300,2012,3058,2958,941,1372,124,225,107,0
34c2c671c026d34c910a0b1870c02df2e02d9cbd,2026-09-14T02:54:26+09:00,73.9047,2054,3058,2978,1004,1594,124,225,107,0
c5148d2460f057115d7ccb85f1edf28fda672896,2026-09-14T03:03:21+09:00,74.0533,2118,3058,3001,1004,1605,124,225,107,0
4f03e9ab295c60cda778de93dd274938a25b4e40,2026-09-18T16:12:42+09:00,183.2092,2118,3058,3001,1004,1605,124,225,107,0
8c2b3a316d97dbbd4b6252621f1e6311379e3b67,2026-09-18T16:50:12+09:00,183.8342,2118,3102,2990,1004,1480,131,225,107,0
1acf831d725d6c504ad957cf7e6045f58b944d88,2026-09-18T17:35:42+09:00,184.5925,2117,3104,2902,1004,1480,131,212,107,0
36e9bc716fb6cf71859375be8f19bf3cd29ef587,2026-09-18T18:03:17+09:00,185.0522,2116,3126,2902,1003,1480,131,212,107,0
b16b4680f07cbeacd6777f4049a2df003df6d6ec,2026-09-18T18:50:46+09:00,185.8436,2226,3169,2956,1152,1444,131,176,107,0
01eda5b4e2dda9d7e926c4d73c349563a74fe9d3,2026-09-18T19:10:05+09:00,186.1656,2335,3332,2959,1152,1444,131,177,109,0
6980e9e695f14fb7c0eca9d0be69dc25455c1cdc,2026-09-18T19:14:19+09:00,186.2361,2350,3336,2959,1152,1444,131,177,109,0
f7b81ef5c225a3dcfa6c0031c4c1fca112dbe981,2026-09-18T19:28:37+09:00,186.4744,2327,3473,2959,1152,1444,131,177,109,0
1eac47f2340b4f643cd212b5e978ccce87a02070,2026-09-18T19:40:44+09:00,186.6764,2333,3473,2959,1152,1444,131,177,109,0
77fbf59490414144892874bc9949ebbff83a1fa6,2026-09-18T20:20:01+09:00,187.3311,2205,2985,2921,1085,1444,131,168,107,0
413d7d8e1f87d46799330f7cb9da11353c96e7d7,2026-09-18T20:22:51+09:00,187.3783,2210,3000,2921,1085,1444,131,168,107,0
af068100765613c768bda5b4ef76648a7aede183,2026-09-18T20:31:43+09:00,187.5261,2338,3517,2952,1151,1444,131,175,109,0
b3ca6dbf646843f49be5580d98625ea2c120b8d9,2026-09-19T17:09:09+09:00,208.1500,3448,7114,4070,1659,1537,131,300,139,0
476f64c78a4ed807d5de80039ea561e7a153f155,2026-09-19T17:43:22+09:00,208.7203,3448,7114,4070,1659,1537,131,300,139,0
469c6db9229b3ce8347e93903559ed9eba1baac2,2026-09-19T18:36:27+09:00,209.6050,3747,7125,4070,1659,1537,131,300,139,0
5004d810f403b34b04ffe117e3068f35c7163625,2026-09-19T19:28:17+09:00,210.4689,4036,7208,4070,1671,1537,131,300,139,0
e21dd9150b78d626887e4023b560562e32e2b961,2026-09-19T19:30:16+09:00,210.5019,4038,7208,4070,1671,1537,131,300,139,0
e5be5a3cb6f06d164bd44161c0d4c720a7ccc5e1,2026-09-19T20:09:11+09:00,211.1506,4468,7311,4110,1671,1537,131,300,139,0
3d0db02f96f4af148dfad0b07c1cb017f4be010c,2026-09-19T22:03:34+09:00,213.0569,4465,7279,4110,1671,1537,131,300,139,0
5fdc9dd97110aa6951d0149945b081c23a4d08c5,2026-09-19T22:50:10+09:00,213.8336,4838,7455,4110,1718,1616,131,300,139,0
1c408fc5f3fd9bdf2b49eed436af4f3464f597b9,2026-09-19T23:36:29+09:00,214.6056,4838,7455,4110,1751,1616,131,300,139,0
c26c3fa86300b5924303733af2b3993fda99c6c8,2026-09-19T23:56:38+09:00,214.9414,4838,7459,4318,1768,1680,102,300,139,0
4224e12fb9cfb3f6babed9fa43a10dc8e6cecfae,2026-09-20T00:05:12+09:00,215.0842,4838,7390,4293,1768,1552,102,300,139,0
2c54e55aa990f8b931b2e9107b1023365e5ad5f8,2026-09-20T00:19:06+09:00,215.3158,5344,7390,4293,1768,1552,102,300,139,0
340edf5aefa68a5353708577dc4504936497a6b4,2026-09-20T00:23:59+09:00,215.3972,5401,7399,4293,1768,1552,102,300,139,0
d1c8cf6363e66d155bcbc836d02f6781d345db14,2026-09-20T01:06:28+09:00,216.1053,5401,7399,4346,1768,1552,102,300,139,0
c28f5be70e4812935108d1d820ff29479b4a5024,2026-09-20T01:44:46+09:00,216.7436,5837,7399,4441,1898,1700,102,300,139,0
da4aad37444a8eeedfa3814ffead0f617b6aa927,2026-09-20T01:48:31+09:00,216.8061,5837,7399,4441,1898,1700,102,300,139,0
37c1b7632aa8c38ee42e6ed350465167e72d21e2,2026-09-20T02:29:04+09:00,217.4819,6278,7527,4441,1898,1700,102,300,139,0
d83c18ee2b67e6c7e63198ecb1e59c317a8b9d6a,2026-09-20T02:33:59+09:00,217.5639,6278,7527,4441,1898,1700,102,300,139,0
105f6f52d7d75722d59635cd3686eaa4f071c017,2026-09-20T02:38:48+09:00,217.6442,6278,7527,4441,1898,1700,102,300,139,0
6b42f7d1a565b845136130d24882afacb748839b,2026-09-20T03:02:32+09:00,218.0397,6278,7527,4468,2001,1700,102,300,139,0
90db7b0338b1fb0e573d8ceaa5a1ed41c6513255,2026-09-20T11:16:14+09:00,226.2681,6308,7559,4475,2001,1708,102,300,139,0
7f408345e0ffbf0d94585b0ca22f721f3f717bf4,2026-09-20T11:34:44+09:00,226.5764,6308,7559,4477,2015,1708,102,300,139,0
964e8a0f0fec78a19d2450f0f5b3cc3c6f66bc83,2026-09-20T12:01:41+09:00,227.0256,6308,7559,4411,2048,1708,102,300,139,0
1370d2e1b52972fec86dde8f5925447baaaf37fb,2026-09-20T12:23:55+09:00,227.3961,6436,7271,4411,2034,1708,102,300,139,0
d1954f64dca6f0ab8355cc742b22d346fb53b5ed,2026-09-20T12:47:16+09:00,227.7853,6436,6919,4152,2034,1708,102,300,139,0
61cc8c51783c14b4575436464b84c23ba41c3318,2026-09-20T12:53:33+09:00,227.8900,6823,6919,4152,2034,1708,102,300,139,0
942d9eb3e7343084a42b947eb8ba525f05ccf973,2026-09-20T13:14:59+09:00,228.2472,6975,6919,4246,2034,1711,102,300,161,0
534d2cda492be1beb7bb96db0e6ffec60c4aed11,2026-09-20T13:24:59+09:00,228.4139,6982,6976,4246,2034,1711,102,300,161,0
228ef002facaeee4bc8c274db7a450809e97cec9,2026-09-20T13:27:18+09:00,228.4525,6982,6976,4246,2034,1711,102,300,161,0
0d41665429ef84eff5f567ccb21f5695050779ec,2026-09-20T14:03:02+09:00,229.0481,6982,7048,4246,2034,1711,102,300,161,0
1a2be94a6b094de4a3924e4a940a002a4fab2c5b,2026-09-20T14:26:56+09:00,229.4464,7470,7112,4246,2065,1733,102,300,161,0
9e48e850c0b9627f795bfe6feafe99033b0b6755,2026-09-20T14:35:52+09:00,229.5953,7470,7112,4246,2065,1733,102,300,161,0
fce5eb8bba5a3d465e0fa3691ac354bfb5a3e255,2026-09-20T15:28:57+09:00,230.4800,7470,7112,4263,2065,1733,102,300,161,0
ca81a4a2a695ea2af8cb612c341f042e588aa1ee,2026-09-20T16:19:23+09:00,231.3206,7470,7112,4263,2100,1733,102,300,161,0
1e35a904c849dac8f70cef9dcc9c3c722f219d6d,2026-09-20T18:06:08+09:00,233.0997,7834,7112,4303,2100,1733,102,300,161,0
222f58a65a0d48a2d703dfea2f8077e386bda1a2,2026-09-20T19:23:08+09:00,234.3831,8282,7261,4303,2156,1788,146,300,161,0
731fd68b36bf8617e0887ef6d7a60624a9730f96,2026-09-21T01:38:28+09:00,240.6386,8429,7261,4303,2156,1788,226,300,161,0
57ca91dce4eda3c5779cc24c04f50cde95a552ad,2026-09-21T02:09:58+09:00,241.1636,8623,7261,4308,2189,1796,236,300,161,0
3fc8180a12a6913d7c96e79012bc83b100b29658,2026-09-21T02:18:04+09:00,241.2986,8623,7261,4313,2189,1796,236,300,161,0
b79a775d54620b54a110428f80e2575300f7da83,2026-09-21T03:02:16+09:00,242.0353,8778,7261,4313,2189,1796,236,300,161,0
57729a8b0c738aa7ed4580408cbaedde1f6d5fd2,2026-09-21T03:24:42+09:00,242.4092,8922,7261,4346,2189,1800,236,300,161,0
d77e6526e89d009ef12842d133ac27a43b84d607,2026-09-21T03:56:56+09:00,242.9464,9341,7270,4371,2189,1840,236,300,161,0
7ce821fa7be50dd7d55e249bd814a0423c6db1a7,2026-09-21T04:37:12+09:00,243.6175,9447,7273,4379,2189,1842,475,344,161,0
8033d9a32db68a8f44d36a19b10d21e1000bda15,2026-09-21T05:08:40+09:00,244.1419,9622,7524,4496,2189,1842,475,360,170,0
3759f5865bb4acfb2ba95894389f36af5f273314,2026-09-21T05:56:07+09:00,244.9328,9891,7902,4630,2246,1842,498,364,173,0
62544a8b2668b14cebdf82a76b78233c4fc83239,2026-09-21T06:28:36+09:00,245.4742,9891,7902,4630,2246,1842,498,364,173,0
2b04234aba3b4714921e42005de3b7c109350b7a,2026-09-21T13:49:56+09:00,252.8297,10133,8076,4675,2265,1842,634,365,174,0
19b1c2f637086f47af70451fb71dc6ef680b0426,2026-09-21T14:34:46+09:00,253.5769,10337,8162,4724,2292,1861,636,367,171,0
367113cad9ce6243c4efc8ecab3a88bfb74d9867,2026-09-21T14:45:36+09:00,253.7575,10337,8162,4724,2292,1861,636,367,171,0
08b6980b85d2167b945b24f6158238ab3992e8d6,2026-09-21T14:48:50+09:00,253.8114,10337,8162,4724,2292,1861,636,367,171,0
5f50c0b87dff79751c8d91e547041090d7bd2c42,2026-09-21T14:55:33+09:00,253.9233,10337,8162,4724,2292,1861,636,367,171,0
c4b51199e6a5d0dce27ef4aefcc88c67e0cacf6a,2026-09-21T14:58:29+09:00,253.9722,10337,8162,4724,2292,1861,636,367,171,0
4f53403c1a170b186fe8ea85e3ea1ec35cf1e74f,2026-09-21T15:07:42+09:00,254.1258,10337,8162,4724,2292,1861,636,367,171,0
408070fd1730782ce57729f338c1be66a81e54b3,2026-09-21T15:43:19+09:00,254.7194,10480,8188,4724,2292,1861,638,367,171,0
832ad019fa62515a135ee8c9116ceeb7524dc9d0,2026-09-21T15:57:13+09:00,254.9511,10480,8183,4724,2292,1861,638,367,171,0
f1ba8f09ee3d5e88a3a876a71fb0532daed65497,2026-09-21T16:00:43+09:00,255.0094,10480,8183,4724,2292,1861,638,367,171,0
603f66294261cbeeb7cf0c5e7b0f30d47e64f6aa,2026-09-21T19:01:17+09:00,258.0189,10480,8183,4724,2292,1861,638,367,171,0
39def544f2081e0e49eb7680dca74e7e145dc643,2026-09-21T20:52:01+09:00,259.8644,10480,8183,4724,2292,1861,638,367,171,0
d930934716feefc913ffb694d25dd482f8d5eba0,2026-09-21T21:51:33+09:00,260.8567,10480,8183,4724,2292,1861,638,367,171,0
44eeb1d845447df6947cc7612364a3cb10d75110,2026-09-21T23:22:48+09:00,262.3775,10480,8183,4724,2292,1861,638,367,171,0
73aaedb05a049c6e847395fc588eed7cd27c8ec5,2026-09-21T23:36:31+09:00,262.6061,10480,8183,4724,2292,1861,638,367,171,0
52d990d6583ba1dfd90f6986797a421a09dbda82,2026-09-22T01:00:36+09:00,264.0075,10480,8183,4724,2292,1861,638,367,171,0
1304c23ff0a1b9494f0a3baa7e54bf84f0a63081,2026-09-22T01:46:44+09:00,264.7764,10480,8183,4724,2292,1861,638,367,171,0
ba370f01d4a967701a01fb48be5ab2f9fb201111,2026-09-22T01:58:31+09:00,264.9728,10480,8183,4724,2292,1861,638,367,171,0
5efa47dae7d287ae664bc07b95be5011a578e101,2026-09-22T01:59:59+09:00,264.9972,10480,8183,4724,2292,1861,638,367,171,0
a4c10875b2f6fc54115ada3b9185134c3c3657b9,2026-09-22T02:41:47+09:00,265.6939,10480,8183,4724,2292,1861,638,367,171,0
b348cd6838d31b0714cfa79e82e029870b1b7725,2026-09-22T02:42:04+09:00,265.6986,10480,8183,4724,2292,1861,638,367,171,0
d798391cb8382a49e630319fbe2da9fefbdf5d06,2026-09-22T02:42:06+09:00,265.6992,10480,8183,4724,2292,1861,638,367,171,0
7428553e259900a24b391a15622814de61e1523d,2026-09-22T20:09:47+09:00,283.1606,10480,8183,4724,2292,1861,638,367,171,0
dca0e210a71ebcba8a68cabb7adda8d574df343c,2026-09-22T22:26:11+09:00,285.4339,10480,8183,4724,2292,1861,638,367,171,0
d8bcf2de6347bf79f5b2096dad89d5ff0d978e1e,2026-09-23T01:23:25+09:00,288.3878,10880,8683,4854,2292,1866,642,395,174,0
990115baf81e1470c12b23167dfad591df850248,2026-09-23T02:14:30+09:00,289.2392,11096,9004,4894,2400,1866,644,396,175,0
36627fe9400356170a860e45a2ee122e2c80383e,2026-09-23T03:30:52+09:00,290.5119,11237,9058,4906,2401,1866,644,400,176,0
09d57702b467988f9155441c417024c4c16d0ec1,2026-09-23T04:06:42+09:00,291.1092,11279,9087,4978,2401,1866,644,408,176,0
fe09980404afdba837818b67e737bbc1b58ad220,2026-09-23T04:44:27+09:00,291.7383,11431,9090,5000,2401,1866,645,408,176,0
dab294a4e6ea1bf9e79c686bedee01433d0d0a32,2026-09-23T19:30:53+09:00,306.5122,11549,9157,5048,2426,1866,645,409,178,0
e4a387c654116d7ff4f24a72cbed56cf10f52004,2026-09-23T19:40:22+09:00,306.6703,11560,9157,5048,2426,1866,645,409,178,0
de630305b04fc8a7aa4ed1ed2bbb5304a56e3228,2026-09-23T20:03:15+09:00,307.0517,11574,9157,5066,2426,1866,645,409,178,0
fb87e34fdf75081846863bf99eae22802ca3bc7a,2026-09-23T20:58:05+09:00,307.9656,11870,9252,5117,2426,1866,645,411,180,0
bae2ab116a6d7c2a43519a924365a25c18f701cd,2026-09-23T21:01:26+09:00,308.0214,11870,9252,5129,2426,1866,647,411,180,0
f8737bf636a26472e8e7d1efb18d327ba2f5a961,2026-09-23T21:03:16+09:00,308.0519,11870,9252,5129,2426,1866,647,411,180,0
f89d8fbb755eb7c637c0ea9d88bd3ed01d4312b4,2026-09-23T21:12:53+09:00,308.2122,11870,9252,5129,2426,1866,647,411,180,0
